initYr,Rstructure,mTrends,nIndices,peels,LFOIC
1990,Rcustom,3,31,10,15.83570087710434
1990,Rcustom,4,31,10,15.0676143368618
1990,Rcustom,5,31,10,13.401255021023136
1990,Rcustom,6,31,10,11.18783628601374
1990,diag & equal,3,31,10,15.539185135814815
1990,diag & equal,4,31,10,14.689145647092634
1990,diag & equal,5,31,10,11.963421333778273
1990,diag & equal,6,31,10,11.0592615396788
