initYr,Rstructure,mTrends,nIndices,peels,LFOIC
1990,Rcustom,3,31,10,1.03778956
1990,Rcustom,4,31,10,0.8988284
1990,Rcustom,5,31,10,0.819020754
1990,Rcustom,6,31,10,0.718249698
1990,diag & equal,3,31,10,0.937797394
1990,diag & equal,4,31,10,0.796900227
1990,diag & equal,5,31,10,0.612550737
1990,diag & equal,6,31,10,0.588194147
1990,diag & equal,7,31,10,0.5479933
